{
  "configs": [
    "A",
    "B",
    "C"
  ],
  "allocations": [
    0.3953378970477504,
    0.25079880562743484,
    0.3538632973248148
  ],
  "results": {
    "trades": 21940,
    "win_rate": 62.25159525979945,
    "total_return": 136158.43823222537,
    "total_return_pct": 136.15843823222536,
    "max_drawdown_pct": 0.4576972165381375,
    "profit_factor": 3.726542441596916,
    "sharpe_ratio": 4.434079401656941,
    "final_equity": 236158.43823222537,
    "config_breakdown": {
      "A": {
        "trades": 5455,
        "wins": 3927,
        "losses": 1528,
        "win_rate": 71.98900091659029,
        "pnl": 45594.271885092436,
        "pnl_pct": 45.59427188509243
      },
      "B": {
        "trades": 8452,
        "wins": 5241,
        "losses": 3211,
        "win_rate": 62.00899195456696,
        "pnl": 37084.60235402602,
        "pnl_pct": 37.08460235402602
      },
      "C": {
        "trades": 8033,
        "wins": 4490,
        "losses": 3543,
        "win_rate": 55.89443545375327,
        "pnl": 53479.56399310805,
        "pnl_pct": 53.479563993108044
      }
    }
  },
  "timestamp": "20251103_091209"
}